,id,title,courseId
0,1,Movement technology themselves exactly a wrong.,1
1,2,Lot stop since draw how bring.,1
2,3,Even others view safe ten present.,1
3,4,Finish food move military.,1
4,5,Seem skill standard you sport others cold.,1
5,6,Something player position man west put.,1
6,7,Company born can personal everybody off check.,2
7,8,Cover picture majority soldier.,2
8,9,Fish wear final protect.,2
9,10,Television human thank hold price.,2
10,11,Let all issue mind fine walk expert.,3
11,12,Newspaper final away.,3
12,13,After ground management.,3
13,14,Hair other plan artist into return style be.,3
14,15,Whatever again various quickly factor.,3
15,16,Teacher week knowledge yeah meet voice.,3
16,17,Rule left once science organization pick tax.,4
17,18,Understand themselves answer realize.,4
18,19,Coach development occur mention college discuss they concern.,4
19,20,Consumer write evening type ask will last.,4
20,21,Compare office people that provide spend white sing.,4
21,22,Herself one first government those.,4
22,23,Likely fear west meeting like.,5
23,24,Likely hand protect term.,5
24,25,Wrong enough sign wear.,5
25,26,Act health half go.,5
26,27,Difficult study force world government likely situation.,6
27,28,Political represent girl consider coach this.,6
28,29,Road perhaps cold bad.,6
29,30,She boy only.,6
30,31,Accept practice partner build police american.,6
31,32,Figure agent really participant page plant yourself.,6
32,33,Data agency couple thousand specific.,7
33,34,Position many type summer present none so.,7
34,35,Your as stuff.,7
35,36,Again bad single amount current staff leg.,7
36,37,Cover none next next.,7
37,38,Style set i grow protect now heavy.,7
38,39,Allow statement anything position pattern less.,8
39,40,Part bank business act feel benefit discuss.,8
40,41,Then force need resource gas.,8
41,42,Tv evening along hope environment.,8
42,43,Stuff wear visit story.,8
43,44,Interview recent western develop approach listen budget no.,8
44,45,Fire technology water bed hot plan.,9
45,46,Mrs behind economy claim let pattern.,9
46,47,While result suggest high should increase force.,9
47,48,Month also that.,9
48,49,Discuss discussion risk your will analysis.,9
49,50,Dinner ready us address.,9
50,51,Listen girl speech win mr.,10
51,52,Decision start black little soldier particularly.,10
52,53,Matter decade science democratic system read skin real.,10
53,54,Get nature different seat my.,10
54,55,A get think much most until.,10
55,56,Alone inside house itself.,11
56,57,Year perhaps before rock.,11
57,58,Relationship public visit bag second culture town particularly.,11
58,59,Short four within improve.,11
59,60,Along reveal face.,12
60,61,Yes responsibility open side.,12
61,62,Else fish street personal anything.,12
62,63,Even nature life western four attorney quality decision.,12
63,64,Third chair yeah responsibility trip choice magazine.,13
64,65,Kind or prove everybody bring senior card thousand.,13
65,66,Race up over series adult wear.,13
66,67,Future dinner understand road soon trade table.,13
67,68,Piece company support claim less writer mind.,13
68,69,Sound computer center specific kid report pay.,14
69,70,Citizen life general strategy foreign get with when.,14
70,71,Inside produce then move door.,14
71,72,Learn old step hit great.,14
72,73,Listen television important citizen other rise.,14
73,74,Again project skin day.,14
74,75,Agreement unit bring gun.,15
75,76,Strategy thought nothing center year.,15
76,77,Organization smile republican fight group couple knowledge.,15
77,78,Two his ask step bit.,15
78,79,Right two present later writer.,15
79,80,Sell size senior less east policy.,16
80,81,Manage himself there exactly factor actually.,16
81,82,Trouble put pretty with protect film claim.,16
82,83,Support carry summer when throw.,16
83,84,Soldier head spend response democrat off lay.,16
84,85,Peace point manage try.,17
85,86,Movement career little.,17
86,87,Student major no recently could.,17
87,88,Election ok institution.,17
88,89,Something save manage.,18
89,90,Possible thing care capital.,18
90,91,Identify heavy she step wife.,18
91,92,Top nothing executive miss much hour such.,18
92,93,Live book consider move never other.,19
93,94,Start identify evidence myself.,19
94,95,Child behavior involve as.,19
95,96,Myself our kind feeling pick property.,19
96,97,Necessary within contain floor everything.,20
97,98,Move particular do teach trade peace good.,20
98,99,Find long away.,20
99,100,Accept entire nice yard majority american.,20
100,101,Since art ball get.,21
101,102,Mention deep become population door be score once.,21
102,103,Whether find project address politics.,21
103,104,Whatever red perform agency him yeah.,21
104,105,Range sing front commercial.,21
105,106,Song toward kitchen prevent owner office.,21
106,107,Knowledge spring up stop take development fire.,22
107,108,Create hope including wear produce.,22
108,109,Office answer section air side moment tree everything.,22
109,110,Short she risk owner.,22
110,111,Push once key movement month possible pick.,23
111,112,Shoulder oil test require sure campaign.,23
112,113,Out owner level expect mention little rather.,23
113,114,Eye still mr network inside several through we.,23
114,115,Subject across well ever popular.,23
115,116,Remain nation some true.,24
116,117,Condition finish both there whose hope.,24
117,118,Film production good force.,24
118,119,Age market chance either of.,24
119,120,Floor simply picture end.,24
120,121,Girl own different nearly federal debate.,25
121,122,Green relate lawyer recent help someone.,25
122,123,Threat enjoy key effect parent case necessary.,25
123,124,Agency than american.,25
124,125,Present bring fill difference when fast.,26
125,126,Writer arm imagine statement.,26
126,127,Movie second up the leave until clear.,26
127,128,Conference between society computer strategy politics memory.,26
128,129,Sound another shoulder support management throw.,26
129,130,Apply always sure man guy that wish mission.,26
130,131,Subject draw pattern some remember through end.,27
131,132,Water appear evening also end.,27
132,133,Environment artist protect.,27
133,134,Since responsibility drop say claim health.,27
134,135,Top young boy trouble paper begin other.,28
135,136,Can start skill style cause send.,28
136,137,Parent traditional mr leg fund activity.,28
137,138,Key speech part table thus student guess.,28
138,139,Entire believe occur campaign.,28
139,140,All professor yard pattern well can style commercial.,28
140,141,Rate event far lawyer research it role.,29
141,142,Worker place defense.,29
142,143,Sport almost friend through big around news.,29
143,144,Goal trip plan let huge single admit.,29
144,145,Agree ever hope.,30
145,146,Read responsibility east lose enjoy against feeling today.,30
146,147,Movement operation peace every.,30
147,148,Dark star local fire candidate ever travel.,30
148,149,Bill fish national reality this age.,30
149,150,Center team many bar help.,30
150,151,Eye son energy writer second.,31
151,152,Hold outside focus.,31
152,153,Effect drive painting we value.,31
153,154,Owner you west any rather special assume.,31
154,155,Performance sell computer ever trouble.,32
155,156,Final cultural turn win.,32
156,157,Item teacher parent security easy.,32
157,158,Same hotel approach line north year safe.,32
158,159,Back clearly industry.,32
159,160,Year might hot allow.,33
160,161,Painting rich sing cold future impact.,33
161,162,War lot evening.,33
162,163,To town student recently important institution think energy.,33
163,164,Stop alone man realize for.,33
164,165,Writer main director decision last.,34
165,166,Onto movie old city stuff.,34
166,167,Third travel member very democratic heavy successful.,34
167,168,Tax among should help guess modern.,34
168,169,Manager safe evening source evening.,34
169,170,Remember writer certain american friend food bring.,35
170,171,Growth arm wall address letter.,35
171,172,Fall position significant imagine.,35
172,173,Bar identify child possible think.,35
173,174,But window yard must tough field season.,36
174,175,After appear talk lose require face.,36
175,176,Art water see blood hotel use.,36
176,177,Home of dream generation camera station.,36
177,178,Mean purpose network security various sense.,36
178,179,Score evidence establish tough.,37
179,180,Worker minute mean care future person son.,37
180,181,Some respond night improve.,37
181,182,Produce fear off reach coach.,37
182,183,Grow away water culture.,37
183,184,Expert ten feel she court sea figure.,38
184,185,Make resource court small matter radio after own.,38
185,186,Security business feeling dark its for top.,38
186,187,Decide population model away group thank.,38
187,188,Adult series forward benefit evidence could.,38
188,189,Stock challenge attack case.,38
189,190,Central at probably agree young feel.,39
190,191,Find tonight wrong.,39
191,192,Inside second build approach your lay year.,39
192,193,Listen himself actually number behind soldier chance under.,39
193,194,Power per girl history up.,39
194,195,Author television perhaps though rock smile.,40
195,196,Responsibility believe various.,40
196,197,Simply remember act nothing affect.,40
197,198,Be claim reach year.,40
198,199,Top above wish only main yes.,41
199,200,Development ok hit maintain result.,41
200,201,Space along president congress.,41
201,202,However air area past meet.,41
202,203,Wall indeed lay blue push attorney ask.,41
203,204,Send box eat number concern son must page.,42
204,205,Question key may agent become door.,42
205,206,Big congress wind rest knowledge benefit.,42
206,207,Eight operation break hair.,42
207,208,Letter plant hard girl go near.,43
208,209,Question on vote site personal.,43
209,210,Different seek throughout never street offer wonder social.,43
210,211,Life time special series growth analysis board current.,43
211,212,Past american sport catch series little.,44
212,213,Pretty now exist organization rise food recently.,44
213,214,Finally vote remain base.,44
214,215,Hot down memory final.,44
215,216,My able my pretty anyone everything artist.,45
216,217,Answer maybe figure effort.,45
217,218,Star quite per fire seven class shoulder rather.,45
218,219,Idea anything share continue rise research night.,45
219,220,Live each impact trade oil door soon.,45
220,221,Effect also day smile film and pay baby.,45
221,222,Modern line hear do so leg.,46
222,223,Tend prove order art accept long.,46
223,224,Despite produce here could hour expect.,46
224,225,Letter personal magazine peace.,46
225,226,Poor hard buy give human industry law sell.,47
226,227,Pass sister painting place example.,47
227,228,Material training short responsibility office agree chance.,47
228,229,Range you military.,47
229,230,Arrive near book line reach there bag.,47
230,231,Social answer would reduce.,47
231,232,Market seem but say summer.,48
232,233,Marriage industry discover administration.,48
233,234,Page debate yes mention reveal detail large.,48
234,235,Attack perform much.,48
235,236,Heavy state provide money.,48
236,237,Deep street later little heavy.,49
237,238,Parent resource management tax out almost.,49
238,239,Serious around cup despite daughter eight so.,49
239,240,Give design right probably.,49
240,241,Understand each relate because her hotel.,49
241,242,Open heavy role and need how.,50
242,243,Discover cost possible history reach themselves.,50
243,244,Leader hot cup draw involve us church.,50
244,245,Institution pattern clear never.,50
