,id,title,description,startedAt,totalChapter,totalQuiz
0,1,Compatible intangible attitude,Once focus half religious main factor help once. Rich method create lose wall everything billion. Successful gun box herself film in feeling.,2022-10-08,6,0
1,2,Reactive asymmetric initiative,Simply statement natural night. Record key try measure crime management some test. Accept already long. Girl responsibility suffer yard later.,2022-03-27,4,0
2,3,Robust logistical infrastructure,Also huge home company almost. Interest book thousand speak budget. Speech still possible anyone call office.,2020-02-07,6,0
3,4,Customizable scalable collaboration,Leave with draw. Easy as force develop series inside church. Condition admit several music without gas kind glass.,2024-05-27,6,0
4,5,Cross-platform homogeneous groupware,Deal hear practice. Chair ever something front perform. Development television police mother first politics perhaps. Decision director certainly move hit small determine.,2023-11-23,4,0
5,6,Adaptive motivating moderator,Bit start near. Out week moment cup. He popular enter TV generation order.,2023-08-29,6,0
6,7,Intuitive modular challenge,"Black management none enjoy hair eat keep suddenly. Line specific assume. Campaign board admit such we argue person.
Bring writer record international pressure difficult five. Example them Mrs last.",2020-01-10,6,0
7,8,Extended discrete software,"Where resource record work however energy go. Like however operation discuss necessary.
Better food live table. Vote watch their himself.",2023-07-26,6,0
8,9,Reduced hybrid task-force,"Service better during author. Real concern by appear foot set.
Magazine what conference point social. On forget let with half see.",2021-04-19,6,0
9,10,Enhanced 24/7 frame,Itself believe out Mrs page same why. Claim create official store read book hour. Policy listen just throw eight.,2021-05-09,5,0
10,11,Business-focused high-level groupware,"Care worry plant. She among do character about. Interest join herself woman market.
Attention might market leader before. Issue without pull include late candidate.",2021-02-17,4,0
11,12,Progressive executive middleware,"Help media teacher be cold fly. Yard office law image. Discover charge against myself among bank. Ever kitchen thing site reason.
Second against whether act must suffer very edge.",2020-06-22,4,0
12,13,Visionary hybrid hierarchy,"Him in both end at person. Career by western can occur field whom.
Ever baby story son forget officer include. Point including window unit tax prepare.",2021-07-16,5,0
13,14,Switchable empowering moratorium,"Production other edge same put. Adult blood test on exactly study. Star Democrat opportunity name on southern police before.
Career close because main fall through.",2021-10-23,6,0
14,15,Universal coherent task-force,"Value benefit no heavy follow similar image.
Vote production skin religious behavior house.
Provide wait student hot.
Our blood leg enter see.",2020-05-01,5,0
15,16,Centralized bandwidth-monitored moratorium,Affect better one up specific either. Reflect beautiful daughter reality. Take military hear poor deal.,2021-09-23,5,0
16,17,Proactive upward-trending infrastructure,Investment world accept she bit. Official finish more ever body market opportunity human. Pull figure why teacher question clear.,2023-03-07,4,0
17,18,Realigned attitude-oriented methodology,"Show per others spring agreement population fact. Door risk difficult together.
Pressure majority son boy. If sit worry maybe gas never way happen. Wrong wind back at important oil total window.",2022-10-06,4,0
18,19,Implemented zero administration workforce,Treat worker catch number stop woman table. Meeting pick actually tough relate.,2021-02-27,4,0
19,20,User-centric zero tolerance productivity,"Tree become exist for better free wall. Hair who show food per. All truth house herself general indeed.
Daughter cold to hair natural remember. Civil page eight they. Least join certainly under.",2023-09-23,4,0
20,21,Upgradable context-sensitive matrices,"Adult push baby tax star economic person. Current collection arm security.
Tonight final read product play. Plan serve spend require.
Shoulder whole daughter reveal. Face society my make.",2023-03-07,6,0
21,22,Advanced systematic database,Yourself because it officer fear. Campaign force explain per prepare bill recent. North animal both morning we talk various.,2024-01-27,4,0
22,23,Optional explicit contingency,Father value easy certainly line. Same notice guy sound stage local. Politics situation religious society. Never stock although from happy prove.,2020-01-26,5,0
23,24,Vision-oriented disintermediate benchmark,Every newspaper foot together each add. Energy president far report loss east direction prepare.,2020-02-14,5,0
24,25,Up-sized system-worthy focus group,Chance anything rich natural push particular lead. Dog quickly gun. Relationship oil tree history base relationship.,2024-06-18,4,0
25,26,Fundamental high-level process improvement,"Special story many training author. Finally pass reality community subject tonight. One store range growth camera.
Later red help work health.",2022-04-02,6,0
26,27,Optional full-range product,Expert so million officer last professional. Stage red just chance court policy drug different. Hour order new professor the happy.,2022-11-07,4,0
27,28,Multi-layered maximized conglomeration,"History TV likely pay ten population choice surface. Manage customer single open white third message.
Fine together win material room some prevent. Choice beat our threat opportunity.",2022-11-10,6,0
28,29,Cross-group asymmetric architecture,"End reach find evidence hair. Keep state themselves finally bring. Mean difficult hand author hard and executive feeling.
Reflect investment those enter ahead cup. East maybe data. Many TV ten.",2021-05-29,4,0
29,30,Vision-oriented fault-tolerant groupware,Black act sometimes majority song. Kitchen us continue benefit teacher type writer. Detail resource design deal.,2023-04-28,6,0
30,31,Intuitive motivating website,Find half these day industry. Thousand actually president positive. Future entire best design interesting.,2022-11-23,4,0
31,32,Cloned leadingedge initiative,Consider administration house son direction Mr. Once finally from eat woman member themselves.,2021-10-15,5,0
32,33,Organized stable migration,"Wide what thing buy safe court today.
Cause player shake lawyer. Provide couple pass end.",2023-09-21,5,0
33,34,Synchronized tertiary budgetary management,Instead car happen series southern scientist middle. Door policy build information. Stock make dark modern no which even.,2020-02-16,5,0
34,35,Self-enabling local encoding,"Growth listen sound morning. Lay of remain. Choose prove police night reason laugh.
Before over something some. Big arm might response.",2020-03-14,4,0
35,36,Team-oriented 6thgeneration utilization,"Station carry special play. Instead who run reveal natural. Our risk mission into year.
Speech economy very. Old data international often.",2021-07-02,5,0
36,37,Synchronized explicit architecture,"Call politics history husband perhaps way.
But cover describe field crime month. Case under else allow deal upon rich police. Air sign against.",2023-02-05,5,0
37,38,Grass-roots content-based task-force,Along political foreign test single. Again himself foot and. Heavy tree fund international.,2024-03-22,6,0
38,39,Configurable holistic adapter,"Reach entire drive young describe report. Attorney little police professor.
Peace table project executive green. Matter yes sign thus sense. Situation son inside parent speak.",2020-12-23,5,0
39,40,Customizable executive artificial intelligence,"Possible never forward join party billion. Take save remain hot with.
Total natural white respond phone spend through purpose. Use foot people.",2021-11-08,4,0
40,41,Open-architected context-sensitive portal,Recognize rule concern team explain able good while. Return law indeed set wait too camera. Our thought manage.,2023-09-19,5,0
41,42,Switchable directional productivity,"Trade example option. Suggest within somebody quite and.
Relationship onto hair increase. Health investment score board.
High Mr game add. Recognize certain indicate during stock son.",2024-07-11,4,0
42,43,Self-enabling coherent service-desk,Than character yourself three owner I. Everybody skill job pass goal which. Ten suffer generation professional marriage fall themselves someone.,2020-08-18,4,0
43,44,Face-to-face neutral throughput,"Choose support street. Idea unit human despite special media school.
Fish onto item ever far base seek. Sea hard industry majority.",2021-05-20,4,0
44,45,Fully-configurable optimizing capacity,Example statement drug federal care benefit. Understand soon different whom anything. Decide hit give later I. Can choose he religious either throughout.,2022-07-14,6,0
45,46,Integrated explicit circuit,Professor score husband store. Event beautiful although hit his herself. Ready standard article white. He its conference you thing stop environmental.,2024-07-01,4,0
46,47,Cloned 3rdgeneration capability,Art as price middle provide economy. Student particularly role life require special draw. More possible page fish. Pass he again give course.,2021-08-03,6,0
47,48,Ameliorated 24/7 migration,"Option approach century within next recognize. Seek attention though particular. Political forward manager.
Morning keep partner top support through behavior. Put student coach carry.",2021-04-02,5,0
48,49,Virtual dedicated service-desk,Man relate later. Much certainly run everybody. Change mention many.,2020-09-03,5,0
49,50,Optimized content-based challenge,"Town skill conference bit. Never day nation small remember. Indeed hand song whose place list.
Try end science. Film specific different Republican protect without. Defense second majority gas.",2021-12-04,4,0
